{
    "type": "minecraft:block",
    "pools": [
      {
        "rolls": 1,
        "entries": [
          {
            "type": "minecraft:item",
            "name": "minecraft:spawner",
            "functions": [
              {
                "function": "minecraft:set_name",
                "target": "item_name",
                "name": {
                "text": "Empty Spawner",
                "color": "yellow",
                "bold": true
              }
              }
            ]
          }
        ]
        ,
        "conditions": [
          {
            "condition": "minecraft:match_tool",
              "predicate": {
                "predicates": {
                  "minecraft:enchantments": [
                    {
                      "enchantments": "minecraft:silk_touch"
                    }
                  ]
                }
            }
          }
        ]
      },
      {
        "rolls": 1,
        "entries": [
          {
            "type": "minecraft:item",
            "name": "minecraft:egg",
            "functions": [
              {
                    "function": "minecraft:set_custom_model_data",
                    "value": 27027
              }, 
              {
                "function": "minecraft:copy_custom_data",
                "source": "block_entity",
                "ops": [
                  {
                    "source": "SpawnData.entity.id",
                    "target": "entity.id",
                    "op": "replace"
                  }
                ]
              }      
            ]
          }
        ]
        ,
        "conditions": [
          {
            "condition": "minecraft:match_tool",
              "predicate": {
                "predicates": {
                  "minecraft:enchantments": [
                    {
                      "enchantments": "minecraft:silk_touch"
                    }
                  ]
                }
            }
          }
        ]
      }
    ]
  }
  